time	cpu
419.674		39.58217790933168
427.823		45.026192703461184
435.972		54.780890133831306
444.121		83.75367476404146
452.27		88.77251480211905
460.419		88.54054054054053
468.568		92.95622688039458